{"category_국·반찬·메인요리_avg_perplexity":47.31131759578523,"avg_keywords_ratio":0.72,"_runtime":111.93398,"category_채소_count":2,"category_간편식·밀키트·샐러드_avg_perplexity":31.065612062868038,"avg_perplexity":34.87167881332409,"successful_samples":5,"success_rate":1,"category_간편식·밀키트·샐러드_count":1,"_timestamp":1.750645535194737e+09,"total_samples":5,"generation_time_histogram":{"_type":"histogram","values":[3,0,0,0,0,0,0,0,0,0,0,0,0,0,0,1,0,0,0,0,0,0,0,0,0,0,0,0,0,0,0,0,0,0,0,0,0,0,0,0,0,0,0,0,0,0,0,0,0,0,0,0,0,0,0,0,0,0,0,0,0,0,0,1],"bins":[12.37,12.95765625,13.5453125,14.13296875,14.720624999999998,15.30828125,15.895937499999999,16.483593749999997,17.07125,17.65890625,18.2465625,18.834218749999998,19.421875,20.00953125,20.597187499999997,21.18484375,21.7725,22.36015625,22.947812499999998,23.53546875,24.123125,24.710781249999997,25.2984375,25.88609375,26.47375,27.061406249999997,27.6490625,28.23671875,28.824374999999996,29.41203125,29.9996875,30.587343750000002,31.174999999999997,31.76265625,32.3503125,32.937968749999996,33.525625,34.11328125,34.7009375,35.28859375,35.87625,36.46390625,37.051562499999996,37.63921875,38.226875,38.81453125,39.4021875,39.98984375,40.5775,41.165156249999995,41.7528125,42.34046875,42.928125,43.515781249999996,44.1034375,44.69109375,45.278749999999995,45.86640625,46.4540625,47.041718749999994,47.629374999999996,48.21703125,48.8046875,49.392343749999995,49.98]},"category_채소_avg_perplexity":24.19156609365345,"evaluation_results":{"ncols":8,"log_mode":"IMMUTABLE","nrows":5,"path":"media/table/evaluation_results_1_487eeabd89258b40ae99.table.json","_type":"table-file","size":1679,"_latest_artifact_path":"wandb-client-artifact://llam1xc6apwg6zzz7kjowk5eegczvc7232g3b491k4byhd3vsf3hjhag1hf796kyczx5q7cszkjjpw1glo04ur64h8d8s7aq60ft05y13ov4hptjp3dxj0kr0x7u9vmk:latest/evaluation_results.table.json","sha256":"487eeabd89258b40ae99584f1ed44afcce48b4f462878d8dac76b1674e4cb0c4","artifact_path":"wandb-client-artifact://zgdj9uxjwaxfhbqydfccj8tex0gen3z9otvtw7tlpenaj0mhwlgduoo4ly5cj2sbl3m0xaiusgildartidk0f7t7uope8rq7bucxon2fxdccszaqqsvd740k2ro0a79b/evaluation_results.table.json"},"category_수산·해산·건어물_count":1,"category_국·반찬·메인요리_count":1,"keywords_ratio_histogram":{"values":[1,0,0,0,0,0,0,0,0,0,0,0,0,0,0,0,0,0,0,0,0,0,0,0,0,0,0,0,0,0,0,0,0,0,0,0,0,0,0,0,0,0,1,0,0,0,0,0,0,0,0,0,0,0,0,0,2,0,0,0,0,0,0,1],"bins":[0.1,0.11406250000000001,0.12812500000000002,0.14218750000000002,0.15625,0.1703125,0.184375,0.1984375,0.21250000000000002,0.2265625,0.240625,0.2546875,0.26875000000000004,0.2828125,0.296875,0.3109375,0.325,0.33906250000000004,0.353125,0.3671875,0.38125,0.39531250000000007,0.40937500000000004,0.4234375,0.4375,0.4515625,0.46562500000000007,0.47968750000000004,0.49375,0.5078125,0.521875,0.5359375000000001,0.55,0.5640625,0.578125,0.5921875,0.60625,0.6203125,0.634375,0.6484375,0.6625,0.6765625,0.690625,0.7046875,0.71875,0.7328125,0.746875,0.7609375,0.775,0.7890625,0.803125,0.8171875,0.83125,0.8453125,0.859375,0.8734375,0.8875,0.9015625,0.915625,0.9296875,0.94375,0.9578125,0.971875,0.9859375,1],"_type":"histogram"},"avg_generation_time":21.785999999999998,"_step":12,"category_수산·해산·건어물_avg_perplexity":47.598332220660275,"_wandb":{"runtime":112},"perplexity_histogram":{"_type":"histogram","values":[1,0,0,0,0,0,0,0,0,0,0,0,0,0,0,0,0,0,0,0,0,0,0,0,0,0,0,0,0,0,0,0,0,0,0,0,0,0,0,0,0,1,0,0,0,0,0,0,0,0,0,0,0,0,0,0,0,0,0,0,0,0,0,3],"bins":[1.199162248922333,1.9241492797307385,2.6491363105391437,3.3741233413475493,4.0991103721559545,4.82409740296436,5.549084433772765,6.27407146458117,6.999058495389575,7.724045526197981,8.449032557006387,9.174019587814792,9.899006618623197,10.623993649431602,11.348980680240008,12.073967711048413,12.798954741856818,13.523941772665223,14.248928803473628,14.973915834282034,15.698902865090439,16.423889895898846,17.14887692670725,17.873863957515656,18.598850988324063,19.323838019132467,20.048825049940874,20.773812080749277,21.498799111557684,22.223786142366087,22.948773173174494,23.673760203982898,24.398747234791305,25.123734265599712,25.848721296408115,26.573708327216522,27.298695358024926,28.023682388833333,28.748669419641736,29.473656450450143,30.198643481258546,30.923630512066953,31.648617542875357,32.373604573683764,33.098591604492164,33.82357863530057,34.54856566610898,35.273552696917385,35.99853972772579,36.7235267585342,37.4485137893426,38.173500820151006,38.89848785095941,39.62347488176782,40.34846191257622,41.073448943384626,41.79843597419303,42.52342300500144,43.24841003580984,43.97339706661825,44.698384097426654,45.42337112823506,46.14835815904346,46.87334518985187,47.598332220660275]}}